,accuracy,precision,recall,f1,predictions,true_labels
Rule-based,0.6501746216530849,0.760087834110274,0.6501746216530849,0.6447023500505874,,
TF-IDF + SVM,0.8067520372526193,0.8052345009730617,0.8067520372526193,0.8055804654699538,,
Random Forest,0.8015133876600699,0.8009327132553595,0.8015133876600699,0.8011891376524788,,
CodeBERT,0.9324796274738067,0.9323940868779114,0.9324796274738067,0.9322096481643868,[0 1 0 ... 1 0 0],[0 1 0 ... 1 0 0]
